{
  "lamps": [
    {
      "name": "Key_Living_Warm",
      "pos": [
        4.5,
        3.200000047683716,
        2.299999952316284
      ],
      "weight": 1.0
    },
    {
      "name": "Spot_LV_1",
      "pos": [
        6.449999809265137,
        1.5,
        2.799999952316284
      ],
      "weight": 0.6
    },
    {
      "name": "Ceiling_LED",
      "pos": [
        4.0,
        1.5,
        3.0
      ],
      "weight": 0.4
    }
  ],
  "camera": {
    "pos": [
      1.350000023841858,
      2.200000047683716,
      1.6200000047683716
    ],
    "target": [
      2.340911865234375,
      2.095693349838257,
      1.535064935684204
    ],
    "fovY": 1.176005244255066,
    "aspect": 0.5625
  },
  "floorZ": 0.0
}